english,italian
11 / eleven,undici
12 / twelve,dodici
13 / thirteen,tredici
14 / fourteen,quattordici
15 / fifteen,quindici
16 / sixteen,sedici
17 / seventeen,diciassette
18 / eighteen,diciotto
19 / nineteen,diciannove
10 / ten,dieci
20 / twenty,venti
30 / thirty,trenta
21 / twenty-one,ventuno
31 / thirty-one,trentuno
22 / twenty-two,ventidue
32 / thirty-two,trentadue
23 / twenty-three,ventitré
33 / thirty-three,trentatré
24 / twenty-four,ventiquattro
34 / thirty-four,trentaquattro
25 / twenty-five,venticinque
35 / thirty-five,trentacinque
26 / twenty-six,ventisei
36 / thirty-six,trentasei
27 / twenty-seven,ventisette
37 / thirty-seven,trentasette
28 / twenty-eight,ventotto
38 / thirty-eight,trentotto
29 / twenty-nine,ventinove
39 / thirty-nine,trentanove
60 / sixty,sessanta
70 / seventy,settanta
40 / forty,quaranta
50 / fifty,cinquanta
80 / eighty,ottanta
90 / ninety,novanta
61 / sixty-one,sessantuno
71 / seventy-one,settantuno
68 / sixty-eight,sessantotto
78 / seventy-eight,settantotto
63 / sixty-three,sessantatré
73 / seventy-three,settantatré
41 / forty-one,quarantuno
51 / fifty-one,cinquantuno
48 / forty-eight,quarantotto
58 / fifty-eight,cinquantotto
43 / forty-three,quarantatré
53 / fifty-three,cinquantatré
81 / eighty-one,ottantuno
91 / ninety-one,novantuno
88 / eighty-eight,ottantotto
98 / ninety-eight,novantotto
83 / eighty-three,ottantatré
93 / ninety-three,novantatré
0 / zero,zero
1 / one,uno
2 / two,due
3 / three,tre
4 / four,quattro
5 / five,cinque
6 / six,sei
7 / seven,sette
8 / eight,otto
9 / nine,nove
42 / forty-two,quarantadue
44 / forty-four,quarantaquattro
45 / forty-five,quarantacinque
46 / forty-six,quarantasei
47 / forty-seven,quarantasette
49 / forty-nine,quarantanove
52 / fifty-two,cinquantadue
54 / fifty-four,cinquantaquattro
55 / fifty-five,cinquantacinque
56 / fifty-six,cinquantasei
57 / fifty-seven,cinquantasette
59 / fifty-nine,cinquantanove
62 / sixty-two,sessantadue
64 / sixty-four,sessantaquattro
65 / sixty-five,sessantacinque
66 / sixty-six,sessantasei
67 / sixty-seven,sessantasette
69 / sixty-nine,sessantanove
72 / seventy-two,settantadue
74 / seventy-four,settantaquattro
75 / seventy-five,settantacinque
76 / seventy-six,settantasei
77 / seventy-seven,settantasette
79 / seventy-nine,settantanove
82 / eighty-two,ottantadue
84 / eighty-four,ottantaquattro
85 / eighty-five,ottantacinque
86 / eighty-six,ottantasei
87 / eighty-seven,ottantasette
89 / eighty-nine,ottantanove
92 / ninety-two,novantadue
94 / ninety-four,novantaquattro
95 / ninety-five,novantacinque
96 / ninety-six,novantasei
97 / ninety-seven,novantasette
99 / ninety-nine,novantanove
100 / one hundred,cento
111 / one hundred and eleven,centoundici
112 / one hundred and twelve,centododici
113 / one hundred and thirteen,centotredici
130 / one hundred and thirty,centotrenta
114 / one hundred and fourteen,centoquattordici
140 / one hundred and forty,centoquaranta
115 / one hundred and fifteen,centoquindici
150 / one hundred and fifty,centocinquanta
116 / one hundred and sixteen,centosedici
160 / one hundred and sixty,centosessanta
117 / one hundred and seventeen,centodiciassette
170 / one hundred and seventy,centosettanta
118 / one hundred and eighteen,centodiciotto
180 / one hundred and eighty,centottanta
119 / one hundred and nineteen,centodiciannove
190 / one hundred and ninety,centonovanta
120 / one hundred and twenty,centoventi
121 / one hundred and twenty-one,centoventuno
131 / one hundred and thirty-one,centotrentuno
122 / one hundred and twenty-two,centoventidue
132 / one hundred and thirty-two,centotrentadue
123 / one hundred and twenty-three,centoventitré
133 / one hundred and thirty-three,centotrentatré
124 / one hundred and twenty-four,centoventiquattro
134 / one hundred and thirty-four,centotrentaquattro
125 / one hundred and twenty-five,centoventicinque
135 / one hundred and thirty-five,centotrentacinque
126 / one hundred and twenty-six,centoventisei
136 / one hundred and thirty-six,centotrentasei
127 / one hundred and twenty-seven,centoventisette
137 / one hundred and thirty-seven,centotrentasette
128 / one hundred and twenty-eight,centoventotto
138 / one hundred and thirty-eight,centotrentotto
129 / one hundred and twenty-nine,centoventinove
139 / one hundred and thirty-nine,centotrentanove
101 / one hundred and one,centouno
102 / one hundred and two,centodue
103 / one hundred and three,centotré
108 / one hundred and eight,centotto
110 / one hundred and ten,centodieci
181 / one hundred and eighty-one,centottantuno
183 / one hundred and eighty-three,centottantatré
188 / one hundred and eighty-eight,centottantotto
198 / one hundred and ninety-eight,centonovantotto
199 / one hundred and ninety-nine,centonovantanove
200 / two hundred,duecento
201 / two hundred and one,duecentouno
203 / two hundred and three,duecentotré
208 / two hundred and eight,duecentotto
218 / two hundred and eighteen,duecentodiciotto
223 / two hundred and twenty-three,duecentoventitré
280 / two hundred and eighty,duecentottanta
281 / two hundred and eighty-one,duecentottantuno
288 / two hundred and eighty-eight,duecentottantotto
300 / three hundred,trecento
400 / four hundred,quattrocento
500 / five hundred,cinquecento
600 / six hundred,seicento
700 / seven hundred,settecento
800 / eight hundred,ottocento
900 / nine hundred,novecento
999 / nine hundred and ninety-nine,novecentonovantanove
1000 / one thousand,mille
2000 / two thousand,duemila
3000 / three thousand,tremila
10000 / ten thousand,diecimila
20000 / twenty thousand,ventimila
30000 / thirty thousand,trentamila
1001 / one thousand and one,milleuno
1010 / one thousand and ten,milledieci
1100 / one thousand one hundred,millecento
1110 / one thousand one hundred and ten,millecentodieci
1111 / one thousand one hundred and eleven,millecentoundici
1011 / one thousand and eleven,milleundici
1012 / one thousand and twelve,milledodici
1013 / one thousand and thirteen,milletredici
1014 / one thousand and fourteen,millequattordici
1015 / one thousand and fifteen,millequindici
1016 / one thousand and sixteen,millesedici
1017 / one thousand and seventeen,millediciassette
1018 / one thousand and eighteen,millediciotto
1019 / one thousand and nineteen,millediciannove
1020 / one thousand and twenty,milleventi
1030 / one thousand and thirty,milletrenta
1021 / one thousand and twenty-one,milleventuno
1031 / one thousand and thirty-one,milletrentuno
1023 / one thousand and twenty-three,milleventitré
1033 / one thousand and thirty-three,milletrentatré
1028 / one thousand and twenty-eight,milleventotto
1038 / one thousand and thirty-eight,milletrentotto
11000 / eleven thousand,undicimila
12000 / twelve thousand,dodicimila
13000 / thirteen thousand,tredicimila
14000 / fourteen thousand,quattordicimila
15000 / fifteen thousand,quindicimila
16000 / sixteen thousand,sedicimila
17000 / seventeen thousand,diciassettemila
18000 / eighteen thousand,diciottomila
19000 / nineteen thousand,diciannovemila
21000 / twenty-one thousand,ventunomila
31000 / thirty-one thousand,trentunomila
100000 / one hundred thousand,centomila
200000 / two hundred thousand,duecentomila
300000 / three hundred thousand,trecentomila
1000000 / one million,un milione
2000000 / two million,due milioni
1500000 / one million five hundred thousand,un milione cinquecentomila
175 / one hundred and seventy-five,centosettantacinque
197 / one hundred and ninety-seven,centonovantasette
255 / two hundred and fifty-five,duecentocinquantacinque
320 / three hundred and twenty,trecentoventi
432 / four hundred and thirty-two,quattrocentotrentadue
475 / four hundred and seventy-five,quattrocentosettantacinque
505 / five hundred and five,cinquecentocinque
620 / six hundred and twenty,seicentoventi
649 / six hundred and forty-nine,seicentoquarantanove
697 / six hundred and ninety-seven,seicentonovantasette
767 / seven hundred and sixty-seven,settecentosessantasette
941 / nine hundred and forty-one,novecentoquarantuno
1200 / one thousand two hundred,milleduecento
1500 / one thousand five hundred,millecinquecento
1968 / one thousand nine hundred and sixty-eight,millenovecentosessantotto
1999 / one thousand nine hundred and ninety-nine,millenovecentonovantanove
2001 / two thousand and one,duemilauno
2013 / two thousand and thirteen,duemilatredici
2023 / two thousand and twenty-three,duemilaventitré
2026 / two thousand and twenty-six,duemilaventisei
2144 / two thousand one hundred and forty-four,duemilacentoquarantaquattro
2408 / two thousand four hundred and eight,duemilaquattrocentotto
2486 / two thousand four hundred and eighty-six,duemilaquattrocentottantasei
3028 / three thousand and twenty-eight,tremilaventotto
4657 / four thousand six hundred and fifty-seven,quattromilaseicentocinquantasette
4943 / four thousand nine hundred and forty-three,quattromilanovecentoquarantatré
5000 / five thousand,cinquemila
7499 / seven thousand four hundred and ninety-nine,settemilaquattrocentonovantanove
7851 / seven thousand eight hundred and fifty-one,settemilaottocentocinquantuno
7955 / seven thousand nine hundred and fifty-five,settemilanovecentocinquantacinque
8104 / eight thousand one hundred and four,ottomilacentoquattro
50000 / fifty thousand,cinquantamila
58845 / fifty-eight thousand eight hundred and forty-five,cinquantottomilaottocentoquarantacinque
61998 / sixty-one thousand nine hundred and ninety-eight,sessantunomilanovecentonovantotto
149643 / one hundred and forty-nine thousand six hundred and forty-three,centoquarantanovemilaseicentoquarantatré
161262 / one hundred and sixty-one thousand two hundred and sixty-two,centosessantunomiladuecentosessantadue
241821 / two hundred and forty-one thousand eight hundred and twenty-one,duecentoquarantunomilaottocentoventuno
313677 / three hundred and thirteen thousand six hundred and seventy-seven,trecentotredicimilaseicentosettantasette
449499 / four hundred and forty-nine thousand four hundred and ninety-nine,quattrocentoquarantanovemilaquattrocentonovantanove
500000 / five hundred thousand,cinquecentomila
576950 / five hundred and seventy-six thousand nine hundred and fifty,cinquecentosettantaseimilanovecentocinquanta
593705 / five hundred and ninety-three thousand seven hundred and five,cinquecentonovantatremilasettecentocinque
910169 / nine hundred and ten thousand one hundred and sixty-nine,novecentodiecimilacentosessantanove
