italian,english
e,and
non,not
che,that
di,of
la,the (Singolare femminile che inizia per consonante)
il,the (Singolare maschile che inizia con una consonante)
estroverso/a/i/e,extroverted
gastronomico/a/i/e,culinary
per,for
è,(he; she; it) is
in,in
a/in,at
a/in,to
sono,(I) am
ma,but
lo,"the (Singolare maschile che inizia per s+consonante, gn, pn, ps, x, y, z)"
la casa,home
con,with
no,no
le,the (Plurale femminile)
se,if
da,from
i,the (Plural masculine starting with a consonant)
come...?,how...?
come,as
io,I
questo/a/i/e,this
bene,fine
qui,here
sei,(you) are (singular)
a tu per tu,face to face
tu,you (singular)
solo,only
solo/a/i/e,alone
mio/a/i/e,my
me,me
tutto/a/i/e,all
tutto,everything
per me/te,for me/you
fare,to do
essere,to be
non lo so,I don't know (it)
non lo so,I don't know
quando...?,when...?
quando,when
sì,yes
l'ora,hour
lei,she
Lei,you (formal)
gli,the ( Plurale maschile che non inizia per consonante )
va bene,it's ok
mai,never
o,or
anche,also
grazie,thank you
chi...?,who...?
molto,very (adv.)
molto/a/i/e,very (adj.)
molto bene,very well
perché,because
perché...?,why...?
tuo/a/i/e,your (singular)
lui,he
prima,before
per prima cosa,first of all
suo/a/i/e,his/her
per niente,not at all
niente,nothing
qualcosa,something
essere,(we) are
davvero,really
ancora,again
che cosa fa?,what is he/she doing?
così,so (like that)
la casa,house
"un, un', una, uno",a/an
dove...?,where...?
dove,where
su,on
vero/a/i/e,real
noi,we
due,two
dire,to say
sempre,always
come sempre,as usual
andare,to go
un po',a little
loro,they
loro,their
forse,maybe
il tempo,weather
quanto/a/i/e,how much...?
quanto/a/i/e,how much... ?
fuori,outside
andiamo!,let's go!
la parte,part
il lavoro,job
voi,you (plural)
ciao,bye
la volta,occasion
dopo,after
a dopo,see you later
adesso,now
l'uomo,man
il padre,father
bisogno di,need of
l'amico,male friend
il posto,place
nessuno/a,no one
via,away
andare via,to leave (go away)
il signore,Mr
dai!,come on!
il giorno,day
ogni,each
senza,without
vedere,to see
qualche,some
qualche volta,sometimes
mi dispiace,sorry
ecco,here is; here are
parlare,to speak
la mamma,mum
già,already
troppo,too much
nuovo/a/i/e,new
la madre,mother
tanto,a lot
per favore,please
giusto/a/i/e,right
giusto?,right?
giusto/a/i/e,correct
avere,to have
il momento,moment
nostro/a/i/e,our
il tipo,type
prego,you are welcome
grande/i,big
senti!,listen!
come si dice...?,how do you say...?
sapere,to know (something)
tre,three
oggi,today
l'idea,idea
siete,(you) are (plural)
il figlio,son
sicuro/a/i/e,sure
la forza,strength
la signora,madam
il nome,name
la donna,woman
stare,to stay
basta,that's enough
insieme,together
la ragazza,girl
subito,immediately
la famiglia,family
il ragazzo,boy
avere ragione,to be right
la notte,night
il tesoro,darling
prendere,to take
la porta,door
bello/a/i/e,beautiful
la moglie,wife
vorrei,I would like
che succede?,what's happening?
a persona,per person
pronto,hello (on phone)
pronto/a/i/e,ready
meno,less
avanti,ahead
secondo me/te,according to me/you
secondo/a/i/e,second
venire,to come
mentre,while
fino a,until
la fine,end
l'aiuto,help
la paura,fear
il fratello,brother
domani,tomorrow
abbastanza,enough
il capo,boss
l'amore,love
trovare,to find
ci vediamo,see you
ci vediamo presto / a presto,see you soon
presto,soon
il bambino,male child
tornare,to return
il primo (piatto),first (course)
primo/a/i/e,first
vostro/a/i/e,your (plural)
la sera,evening
il giro,tour
l'anno,year
quasi,almost
piacere,to like
contro,against
il punto,point
a questo punto,at this point
l'andata,one way
quale...?,which...?
invece,instead
la figlia,daughter
la terra,earth
la settimana,week
il fine settimana,weekend
il papà,dad
stasera,this evening
scusi,excuse me (formal)
"scusa, scusi",excuse me
possibile/i,possible
la scuola,school
i bambini,children
piccolo/a/i/e,little
"dopo, più tardi",later
il marito,husband
difficile/i,difficult
pensare,to think
fantastico/a/i/e,fantastic
il numero,number
entrare,to enter
l'acqua,water
forte/i,strong
il telefono,telephone
poco/a/i/e,little (not much)
tra poco,shortly
vicino/a/i/e,close
un sacco di,heaps of (a lot of)
capire,to understand
cinque,five
tra cinque minuti,in five minutes
strano/a/i/e,strange
la festa,party
quattro,four
un attimo,one moment
la sorella,sister
il film,movie
l'ufficio,office
la signorina,Miss
la domanda,question
il dottore,male doctor
la vista,view
divertente/i,funny
il conto,bill
perdere,to lose
mezzo/a/i/e,half
lavorare,to work
esatto/a/i/e,exact
la parola,word
a piedi,on foot
il gioco,game
perfetto/a/i/e,perfect
mangiare,to eat
buona fortuna!,good luck!
la fortuna,luck
là,there
passare,to pass
la cena,dinner
ultimo/a/i/e,last
facile/i,easy
buongiorno,good morning
quanti/e...?,how many...?
mi dica,tell me
"dimmi (informale), mi dica!",tell me!
un sacco di; molti/e,a lot of
cercare,to search
mettere,to put
i genitori,parents
la città,city
l'ospedale,hospital
l'attenzione,attention
bere,to drink
ottimo/a/i/e,great
la musica,music
il libro,book
l'amica,female friend
portare,to bring
assolutamente,absolutely
la giornata,(whole) day
buono/a/i/e,good
aspettare,to wait
arrivare,to arrive
il messaggio,text message
dormire,to sleep
dieci,ten
usare,to use
guardare,to look
il bagno,bathroom
l'aria,air
il cane,dog
restare,to remain
chiamare,to call
giovane/i,young
il minuto,minute
lontano/a/i/e,far
il gruppo,group
l'arrivo,arrival
la bambina,female child
i capelli,hair
aiutare,to help
alto/a/i/e,tall
il cibo,food
la fretta,hurry
finalmente,finally
solito/a/i/e,usual
di solito,usually
speciale/i,special
cambiare,to change
la camera,room
buon viaggio!,have a good trip!
chiaro/a/i/e,clear
la bocca,mouth
giocare,to play (a game)
l'ordine,order
circa,about (approximately)
ovviamente,obviously
finire,to finish
l'occhio,eye
la mattina,morning
prossimo/a/i/e,next
scusate,excuse me (to group)
potere,to be able
il mese,month
l'appuntamento,appointment
l'ufficio informazioni,information office
libero/a/i/e,free
il tempo libero,spare time
veloce/i,fast
ormai,by now
pazzo/a/i/e,crazy
la zia,auntie
il centro,centre
grazie mille,thank you very much
mille,thousand
carino/a/i/e,cute
incredibile/i,incredible
il sole,sun
prendere il sole,to sunbathe
spesso,often
gentile/i,kind (caring)
l'errore,error
pagare,to pay
la sorpresa,surprise
il servizio,service
pieno/a/i/e,full
i vestiti,clothes
normale/i,normal
la fame,hunger
il programma,plan
la nonna,grandmother
il ritardo,delay
in ritardo,late
attento/a/i/e,attentive
il bar,bar
impossibile/i,impossible
il dolce,dessert
la chiave,key
interessante/i,interesting
forza e coraggio!,be brave!
il coraggio,courage
l'aereo,plane
sette,seven
il compleanno,birthday
il cliente,client
sicuramente,surely
l'appartamento,apartment
il pranzo,lunch
continuare,to continue
la serata,evening (duration)
nero/a/i/e,black
la dottoressa,female doctor
otto,eight
lo spazio,space
il silenzio,silence
simile/i,similar
la calma,calm
la pena,pain
in pena,suffering
il corso,avenue
il regalo,gift
il computer,computer
triste/i,sad
buonanotte,good night
la birra,beer
"difficile/i, duro/a/i/e",hard
la cucina,kitchen
di cucina,cooking
il cellulare,mobile phone
la borsa,bag
il nonno,grandfather
comprare,to buy
la chiesa,church
scrivere,to write
la scarpa,shoes
la sinistra,left (not right)
il mare,sea
il direttore,male director
intelligente/i,intelligent
la classe,class
bianco/a/i/e,white
il tavolo,table
la stagione,season
il cavallo,horse
l'episodio,episode
contento/a/i/e,happy
inglese/i,English
la differenza,difference
gli Stati Uniti,United States
la carne,meat
caldo/a/i/e,hot
leggere,to read
il pomeriggio,afternoon
di pomeriggio,in the afternoon/p.m.
la destra,right (not left)
il vino,wine
arrivederci,goodbye
il caffè,coffee
la barca,boat
la lezione,lesson
partire,to depart
congratulazioni!,congratulations!
sposato/a/i/e,married
il treno,train
l',the ( singular starting with a vowel )
non vedo l'ora!,I can't wait!
cattivo/a/i/e,bad
bellissimo/a/i/e,very beautiful
rosso/a/i/e,red
il biglietto,ticket
benvenuto/a/i/e,welcome
l'offerta,offer
in offerta,on sale
i fratelli,siblings
la banca,bank
aprire,to open
la serie (tv),series (TV)
il prezzo,price
arrabbiato/a/i/e,angry
il ritorno,return
andata e ritorno,round trip
il progetto,project
le chiavi della macchina,car keys
la finestra,window
correre,to run
la colazione,breakfast
il ristorante,restaurant
nove,nine
fortunato/a/i/e,lucky
"iniziare, cominciare",to begin
la stazione,station
la giustizia,justice
terzo/a/i/e,third
il rumore,noise
la torta,cake
ovvio/a/i/e,obvious
ridere,to laugh
la pausa,break
la palla,ball
il piede,foot
la natura,nature
basso/a/i/e,short
il basso,bass guitar
preferito/a/i/e,favorite
ascoltare,to listen to
decidere,to decide
fidanzato/a/i/e,engaged
le carte,cards
il pesce,fish
incontrare,to meet
ballare,to dance
il bacio,kiss
verde/i,green
continuo/a/i/e,continuous
mandare,to send
il coltello,knife
vendere,to sell
il/la nipote,grandchild
americano/a/i/e,American
francese/i,French
il taxi,taxi
l'angolo,corner
il latte,milk
il gatto,cat
l'estate,summer
la campagna,countryside
stanco/a/i/e,tired
dimenticare,to forget
buonasera,good evening
il mercato,market
salire,to climb
la bellezza,beauty
il ponte,bridge
succedere,to happen
il ghiaccio,ice
la bottiglia,bottle
la passata,tomato sauce
il milione,million
camminare,to walk
la pratica,practice
dovere,to have to
il parco,park
cento,hundred
il cinema,cinema
il suono,sound
la compagna,female partner
il bicchiere,glass
l'autobus,bus
vuoto/a/i/e,empty
il sabato,Saturday
il pollo,chicken
la spiaggia,beach
la doccia,shower
l'orologio,clock
il fan,fan (follower)
maledetto/a/i/e,damned
l'esame,exam
il cappello,hat
il giardino,garden
toccare,to touch
il/la collega,colleague
il giornale,newspaper
l'insegnante,teacher (general)
l'acqua naturale,still water
naturale/i,natural
girare,to turn
doppio/a/i/e,double
la regola,rule
lo zero,zero
non c'è male,not bad
venti,twenty
la domenica,Sunday
dritto/a/i/e,straight
la vacanza,holiday
in vacanza,on holiday
la vacanza studio,study trip
l'articolo,article
suonare,to play (an instrument)
il cugino,male cousin
la giacca,jacket
la Francia,France
il tè,tea
in bocca al lupo!,break a leg! (good luck!)
il lupo,wolf
la moto,motorbike
il pane,bread
l'aeroporto,airport
il disastro,disaster
che disastro!,what a disaster!
preparare,to prepare
la versione,version
costruire,to build
l'Inghilterra,England
l'albergo,hotel
falso/a/i/e,false
freddo/a/i/e,cold
il tipo,kind (type of)
uno/una,one
il prosecco,prosecco
di mattina,in the morning
altro/a/i/e,other
la pizza,pizza
il quarto,quarter
cinese/i,Chinese
studiare,to study
famoso/a/i/e,famous
il traffico,traffic
contare,to count
il piatto,dish
il secondo,second (course)
il calcio,soccer/football
il lago,lake
il teatro,theatre
gli occhiali da sole,sunglasses
la montagna,mountain
il formaggio,cheese
la spazzatura,rubbish
la piscina,swimming pool.
che cosa...?,what...?
il gelato,ice-cream
volere,to want
la nazione,nation
uguale/i,equal
interessato/a/i/e,interested
onesto/a/i/e,honest
l'università,university
il sale,salt
la mezzanotte,midnight
eccellente/i,excellent
probabile/i,probable
il concerto,concert
la tecnologia,technology
la passeggiata,walk
l'attività,activity
il/la giornalista,journalist
il prete,priest
il gusto,flavour
i compiti,homework
l'Europa,Europe
il Messico,Mexico
amare,to love
pulire,to clean
lo zucchero,sugar
il garage,garage
la televisione,television
lo specchio,mirror
la partenza,departure
organizzare,to organise
tedesco/a/i/e,German
dodici,twelve
la palestra,gym
tagliare,to cut
il cioccolato,chocolate
il documento,document
la biblioteca,library
l'inverno,winter
il riso,rice
lo studente,male student
lo stretto,strait
il golf,golf
il metro,meter
il prodotto,product
il quadro,painting
l'olio,oil
la Cina,China
stupendo/a/i/e,gorgeous
la penna,pen
la cameriera,waitress
litigare,to argue
la Germania,Germany
il miele,honey
romantico/a/i/e,romantic
noioso/a/i/e,boring
cucinare,to cook
simpatico/a/i/e,likeable
simpatico/a/i/e; carino/a/i/e,nice
delizioso/a/i/e,delicious
coraggioso/a/i/e,brave
la primavera,spring
il cognome,surname
il centro commerciale,mall
il museo,museum
la zuppa,soup
il succo,juice
le patatine,potato chips
offrire,to offer
aggiungere,to add
quindici,fifteen
il panino,sandwich
l'autorità,authority
vergine/i,virgin
l'email,email
la meraviglia,wonder
che meraviglia!,how wonderful!
l'intervista,interview
come si scrive...?,how do you spell...?
Italia,Italy
giapponese/i,Japanese
spagnolo/a/i/e,Spanish
curioso/a/i/e,curious
il pasto,meal
femminile/i,feminine
viaggiare,to travel
la bici,bike
il burro,butter
venerdì,Friday
italiano/a/i/e,Italian
buttare,to throw out
la pesca,peach
fresco/a/chi/che,fresh
il Giappone,Japan
la scimmia,monkey
elegante/i,elegant
la sete,thirst
la fermata dell'autobus,bus stop
rivedere,to revise
il tempio,temple
trenta,thirty
la gomma,eraser
il vicolo,alley
la villa,villa
l'anniversario,anniversary
nuotare,to swim
la cultura,culture
la confusione,confusion
che confusione!,what a mess!
il cameriere,waiter
il settembre,September
classico/a/i/e,classic
ripetere,to repeat
la spesa,grocery shopping
insegnare,to teach
il frigo,fridge
l'insalata,salad
la batteria,drums
l'accento,accent
la fotografia,photograph
la crema,custard
l'India,India
scherzare,to joke
la cugina,female cousin
attraversare,to cross
pregare,to pray
la Spagna,Spain
i prodotti di bellezza,beauty products.
il campeggio,camping
l'euro,euro
la vodka,vodka
giallo/a/i/e,yellow
internazionale/i,international
la chitarra,guitar
la piazza,square
il portafoglio,wallet
ordinare,to order
il mezzogiorno,midday
undici,eleven
il lusso,luxury
visitare,to visit
il mezzo di trasporto,means of transport
luglio,July
lunedì,Monday
lo stadio,stadium
buon appetito!,enjoy your meal!
la pasta,pasta
il forno,oven
la tigre,tiger
il manuale,manual (handbook)
la mela,apple
la ricetta,recipe
lento/a/i/e,slow
maggio,May
antico/a/chi/che,ancient
lo strumento,instrument
la bicicletta,bicycle
l'esercizio,exercise
la chimica,chemistry
scusa,excuse me (informal)
la descrizione,description
la gita,day trip
indiano/a/i/e,Indian
giugno,June
ottobre,October
il/la barista,barista
il campanello,(door) bell
lo zoo,Zoo
lavare,to wash
cinquanta,fifty
aprile,April
generoso/a/i/e,generous
straniero/a/i/e,foreign
medio/a/i/e,medium
cenare,to have dinner
il pub,pub
lo zaino,backpack
incluso/a/i/e,included
il supermercato,supermarket
la Corea,Korea
la repubblica,republic
il Canada,Canada
che cos'hai...?,what's the matter with you?
recentemente,recently
il centesimo,cent
il massaggio,massage
il novembre,November
l'alieno,alien
la cioccolata calda,hot chocolate
attivo/a/i/e,active
irlandese/i,Irish
l'agosto,August
il frutto,fruit
la studentessa,female student
l'autunno,autumn
il tennis,tennis
regolare/i,regular
il marzo,March
il giovedì,Thursday
il contenuto,content
il martedì,Tuesday
bruno/a/i/e,brunette
la lavanderia,laundry service
dicembre,December
osservare,to observe
musicale/i,musical
la bistecca,steak
invitare,to invite
gli alcolici,alcoholic drinks
la scienza,science
single,single
la strada / la via,street
il professore / la professoressa,professor
le scarpe da ginnastica,sneakers
lo yoga,yoga
i cereali,cereals
gennaio,January
maschile/i,masculine
la metropolitana / la metro,subway
sedici,sixteen
il cuoco,male cook
il pianoforte,piano
il biscotto,biscuit
l'Australia,Australia
messicano/a/i/e,Mexican
scarico/a/i/e,out of charge
latino-americano/a/i/e,Latin-American
la destinazione,destination
l'ufficio postale,post office
la banana,banana
di sera,in the evening
desiderare,to desire
il toast,toasted sandwich
l'agenda,diary
la direttrice,female director
la ballerina,ballerina
marrone/i,brown
i funghi porcini,porcini mushrooms
il gin,gin
gli spaghetti,spaghetti
il prosciutto,ham
febbraio,February
il limone,lemon
timido/a/i/e,shy
mercoledì,Wednesday
l'alloggio,accommodation
l'alloggio in famiglia,homestay
tredici,thirteen
la Svizzera,Switzerland
il rossetto,lipstick
i frutti di bosco,mixed berries
la farmacia,pharmacy
il cognato,brother-in-law
il semestre,semester
l'arabo,Arabic
l'audio,audio
il manzo,beef
il cocco,coconut
quaranta,forty
telefonare,to phone
l'insetto,insect
la zucca,pumpkin
raramente,rarely
l'arancia,orange
celebrare,to celebrate
l'aria condizionata,air-conditioning
la menta,mint
l'uva,grapes
fritto/a/i/e,fried
la griglia,grill
i nonni,grandparents
il Brasile,Brazil
la professoressa / il professore,teacher (high school and above)
il Wi-Fi,Wi-Fi
il chilo,kilo
al chilo,per kilo
il whiskey,whiskey
l'agnello,lamb
la panna,cream
pranzare,to have lunch
il pepe,pepper
il pepe nero,black pepper
il chilometro,kilometer
assaggiare,to taste
lo yogurt,yoghurt
anziano/a/i/e,elderly
allegro/a/i/e,cheerful
arrosto,roasted
la marmellata,jam
diciotto,eighteen
il violino,violin
autentico/a/i/e,authentic
il rum,rum
il cucchiaio,spoon
il ratto,rat
la noce,nuts
l'Irlanda,Ireland
quattordici,fourteen
buonissimo/a/i/e,very good
la periferia,suburbs
sportivo/a/i/e,sporty
il patrigno,stepfather
il gallo,rooster
il guanto,glove
abile/i,skilled
allergico/a/i/e,allergic
diciassette,seventeen
la tromba,trumpet
la patata,potato
la pancetta,bacon
la maratona,marathon
Coca-Cola,Coca-Cola
il traghetto,ferry
sfortunato/a/i/e,unlucky
la prenotazione,booking
l'ombrello,umbrella
la pentola,pot
la macchina,car
lo spazzolino,toothbrush
poverino/a/i/e,poor thing
la foglia,leaf
la matita,pencil
la cuoca,female cook
la celebrità,celebrity
l'aglio,garlic
la discoteca,disco
cotto/a/i/e,cooked
canadese/i,Canadian
l'astronauta,astronaut
la pronuncia,pronunciation
la specialità,specialty
la limonata,lemonade
amaro/a/i/e,bitter
l'amaro,digestive liqueur
il souvenir,souvenir
lo spuntino,snack
il binario,platform
il pomodoro,tomato
l'aspirina,aspirin
biondo/a/i/e,blond
il salmone,salmon
la cognata,sister-in-law
la vaniglia,vanilla
la bevanda,drink
la serra,greenhouse
matrimoniale/i,matrimonial
la forchetta,fork
triplo/a/i/e,triple
pigro/a/i/e,lazy
le penne,penne pasta
sessanta,sixty
lo sci,ski
ottanta,eighty
macchiato/a/i/e,stained
il cappuccino,cappuccino
drammatico/a/i/e,dramatic
la matrigna,stepmother
la pala,shovel
prenotare,to book
il cricket,cricket
la valle,valley
la cipolla,onion
rilassante/i,relaxing
il semaforo,traffic light
l'allergia,allergy
suggerire,to suggest
l'asma,asthma
novanta,ninety
il quaderno,notebook
la verdura,vegetables
la visita guidata,guided tour
il vitello,veal
il menù,menu
il tram,tram
l'Argentina,Argentina
la margherita,daisy
il/la turista,tourist
stretto/a/i/e,narrow
la padella,fry pan
la carota,carrot
il monumento,monument
la fragola,strawberry
lo scaffale,shelf
il piccione,pigeon
chiamarsi,to be called
il fungo,mushroom
la pasticceria,pastry shop
il misto,mix
misto/a/i/e,mixed
il salame,salami
il fratellastro,stepbrother
il sugo,sauce
il dizionario,dictionary
la costoletta,ribs
il flauto,flute
europeo/a/i/e,European
il viale,road
diciannove,nineteen
il tovagliolo,napkin
l'aceto,vinegar
la meditazione,meditation
il scontrino,receipt
l'ingrediente,ingredient
il dentifricio,toothpaste
stendere,to hang out (the clothes)
abitare,to live
praticare,to practise
l'escursione,excursion
l'aperitivo,aperitif
la spazzola,hairbrush
crudo/a/i/e,raw
le lasagne,lasagna
la panna montata,whipped cream
vegetariano/a/i/e,vegetarian
il coperchio,lid
settanta,seventy
l'oliva,olive
australiano/a/i/e,Australian
il deodorante,deodorant
il glutine,gluten
costare,to cost
il minerale,mineral
l'acqua minerale,mineral water
il melone,melon
il contorno,side dish
ripieno/a/i/e,stuffed
l'alfabeto,alphabet
le indicazioni stradali,street directions
il cono,cone
l'introduzione,introduction
l'anatomia,anatomy
lo Scarabeo,Scrabble
l'acqua frizzante,sparkling water
frizzante/i,sparkling
uffa!,Uff (mild annoyance)
il guru,guru
singolare/i,singular
il tablet,tablet
il broccolo,broccoli
la pizzeria,pizza shop
il verbo,verb
plurale,plural
la guida turistica,tourist guide
il pesto,pesto sauce
la sorellastra,stepsister
la crostata,pie
portoghese/i,portuguese
il pilates,pilates
l'antipasto,entrée
il mango,mango
alcolico/a/i/e,alcoholic
il grammo,gram
la pallacanestro,basketball
il cetriolo,cucumber
la pallavolo,volleyball
il Portogallo,Portugal
gli spinaci,spinach
thailandese/i,Thai
la pera,pear
friggere,to fry
il mirtillo,blueberry
il profumino,(nice) smell
l'euforia,euphoria
preferire,to prefer
brasiliano/a/i/e,Brazilian
siciliano/a/i/e,Sicilian
il calamaro,squids
le bocce,bocce
l'anguria,watermelon
l'autonomia,autonomy
la visualizzazione,Views
il risotto,risotto
la grammatica,grammar
l'ostello,hostel
il/la receptionist,receptionist
"domandare, chiedere",to ask
consigliare,to advise
il podcast,podcast
la prugna,plum
l'aranciata,orange soft drink
il neurologo,neurologist
i latticini,dairy (products)
ripetiamo!,we/let's repeat!
la mozzarella,mozzarella cheese
il Monopolio,Monopoly
anch'io,me too
stirare,to iron
botanico/a/i/e,botanical
il sassofono,saxophone
la spremuta d'arancia,orange juice
la macedonia,fruit salad
l'acqua tonica,tonic water
la focaccia,focaccia bread.
la pizzetta,little pizza
la nocciola,hazelnut
la gelateria,ice-cream shop
il lampone,raspberry
la Tailandia,Thailand
gli gnocchi,gnocchi
grigliato/a/i/e,grilled
la nazionalità,nationality
adorare,to adore
il minibar,minibar
argentino/a/i/e,Argentinian
l'aggettivo,adjective
crepi!,thanks! (with in bocca al lupo! only)
il basilico,basil
il parmigiano,Parmesan cheese
la gondola,gondola
il pistacchio,pistachio
tiepido/a/i/e,warm (tepid)
alloggiare,to accommodate
la ricotta,ricotta cheese
la zucchina,zucchini
la ciabatta,slipper
il paparazzo,paparazzi
il duomo/la cattedrale,cathedral
neutro/a/i/e,neutral
analcolico/a/i/e,non-alcoholic
la melanzana,eggplant
il cornetto,croissant
il minestrone,minestrone
il fruttivendolo,male green grocer
il listino prezzi,price list
il ragù,ragout
"mi dispiace, scusa (informale), scusi (formale)",I'm sorry
quant'è?,how much is it?
le fettuccine,fettuccine
la pescheria,fish shop
il tagliere,chopping board
l'acciuga,anchovy
la bruschetta,bruschetta
il chinotto,chinotto
l'eucalipto,eucalypt
gli analcolici,non-alcoholic drinks
cantare,to sing
la grigliata,barbecue
il peperone,capsicum
le patatine,chips (french fries)
lo spicchio,clove
la coppetta,cup
gli affettati,cured meats
l'agriturismo,farm stay
la fruttivendola,female green grocer
la panna cotta,panna cotta
la millefoglie,puff pastry and custard cake
il tiramisù,tiramisu
tostare,to toast
il viaggio,"travel, trip"
